{"Train Loss": 0.31090623140335083, "Val Loss": 0.3541867136955261, "Val mIoU": 0.47649017985498665, "_runtime": 2432, "_timestamp": 1620021762, "_step": 20, "best_loss": 0.3325218574484101}