{"Train Loss": 1.091018557548523, "Val Loss": 0.48668643832206726, "Val mIoU": 0.28044950037019456, "_runtime": 2456, "_timestamp": 1620139867, "_step": 24, "best_miou": 0.29856178249954085}