{"Train Loss": 0.917628288269043, "Val Loss": 0.6341168284416199, "Val mIoU": 0.21826860249207927, "_runtime": 16264, "_timestamp": 1620098366, "_step": 20, "best_loss": 0.16298019325692034}