{"Train Loss": 0.4979294538497925, "Val Loss": 0.5721259713172913, "Val mIoU": 0.44216280179548334, "_runtime": 32059, "_timestamp": 1620175704, "_step": 28, "best_miou": 0.44216280179548334}