{"Train Loss": 0.7667593955993652, "Val Loss": 0.31780195236206055, "Val mIoU": 0.4419071717204004, "_runtime": 17006, "_timestamp": 1620102661, "_step": 31, "best_miou": 0.44352997570946195}