{"Train Loss": 0.5526838302612305, "Val Loss": 0.3264583945274353, "Val mIoU": 0.3862391126920418, "_runtime": 8483, "_timestamp": 1620117860, "_step": 29, "best_miou": 0.4004393623049443}