{"Train Loss": 0.5955629944801331, "Val Loss": 0.3048527240753174, "Val mIoU": 0.40109061547297536, "_runtime": 16908, "_timestamp": 1620102364, "_step": 27, "best_miou": 0.40456509255288514}