{"Train Loss": 0.602715015411377, "Val Loss": 0.2934681177139282, "Val mIoU": 0.4499056528531522, "_runtime": 16468, "_timestamp": 1620211443, "_step": 31, "best_miou": 0.4499056528531522}