{"Train Loss": 1.466496229171753, "Val Loss": 0.5799263715744019, "Val mIoU": 0.290075639044804, "_runtime": 2099, "_timestamp": 1620134989, "_step": 23, "best_miou": 0.3026861759787905}