{"Train Loss": 1.3203359842300415, "Val Loss": 0.5677770376205444, "Val mIoU": 0.28123734902872183, "_runtime": 2133, "_timestamp": 1620134664, "_step": 23, "best_miou": 0.29854994410510655}