{"Train Loss": 0.45139312744140625, "Val Loss": 0.3732618987560272, "Val mIoU": 0.44708193493803766, "_runtime": 2672, "_timestamp": 1620020106, "_step": 20, "best_loss": 0.32329722780003217}