{"Train Loss": 1.0099033117294312, "Val Loss": 0.4301729202270508, "Val mIoU": 0.3264230655962697, "_runtime": 1093, "_timestamp": 1620130107, "_step": 7, "best_miou": 0.3264230655962697}