{"Train Loss": 0.607349693775177, "Val Loss": 0.3023186922073364, "Val mIoU": 0.42201753936319364, "_runtime": 14149, "_timestamp": 1620134033, "_step": 22, "best_miou": 0.4329271961866037}