{"Train Loss": 1.0176347494125366, "Val Loss": 0.4064383804798126, "Val mIoU": 0.3811842187575538, "_runtime": 5440, "_timestamp": 1620072113, "_step": 20, "best_loss": 0.2693935808277701}