{"Train Loss": 0.8168995976448059, "Val Loss": 0.4317012429237366, "Val mIoU": 0.3238557469990447, "_runtime": 3245, "_timestamp": 1619974823, "_step": 31, "best_loss": 0.4317012429237366}