{"Train Loss": 1.2648732662200928, "Val Loss": 0.5821678042411804, "Val mIoU": 0.427266916409711, "_runtime": 6496, "_timestamp": 1620141258, "_step": 13, "best_miou": 0.430894513286067}