{"Train Loss": 0.3940378427505493, "Val Loss": 0.4026534855365753, "Val mIoU": 0.44640640073326354, "_runtime": 2495, "_timestamp": 1620011370, "_step": 26, "best_loss": 0.3249814510345459}