{"Train Loss": 0.7032144069671631, "Val Loss": 0.46691328287124634, "Val mIoU": 0.30549627771184756, "_runtime": 616, "_timestamp": 1620128788, "_step": 3, "best_miou": 0.30549627771184756}