{"Train Loss": 0.6233400106430054, "Val Loss": 0.3262636661529541, "Val mIoU": 0.3802950650397731, "_runtime": 8580, "_timestamp": 1620117725, "_step": 28, "best_miou": 0.39951170026342653}