{"Train Loss": 0.8290392756462097, "Val Loss": 0.448399156332016, "Val mIoU": 0.28980948861967804, "_runtime": 6043, "_timestamp": 1620068515, "_step": 22, "best_loss": 0.12968628519481767}