{"Train Loss": 0.61600661277771, "Val Loss": 0.34746983647346497, "Val mIoU": 0.3628285851494757, "_runtime": 2694, "_timestamp": 1620085139, "_step": 3, "best_loss": 0.2866005596875526}