{"Train Loss": 1.173126459121704, "Val Loss": 0.8210285305976868, "Val mIoU": 0.15403264023932378, "_runtime": 16586, "_timestamp": 1620076570, "_step": 20, "best_loss": 0.12033827735469102}