{"Train Loss": 1.225177526473999, "Val Loss": 0.774796187877655, "Val mIoU": 0.17874128841448833, "_runtime": 3512, "_timestamp": 1620084955, "_step": 20, "best_loss": 0.13584330464822306}