{"Train Loss": 1.0534982681274414, "Val Loss": 0.7400385141372681, "Val mIoU": 0.2114209993157766, "_runtime": 5727, "_timestamp": 1620066080, "_step": 20, "best_loss": 0.1271813665797053}